Workbook

Sheet Database
A1: REFERENCECONTRAT_ | B1: COUNTRYRESIDENCECODE_ | C1: INSTITUTIONALSECTORCODE_ | D1: BIRTHDATE_ | E1: COMMUNENAISSANCECODE_ | F1: GENDAR_ | G1: NATIONALITYCODE_ | H1: PROFESSIONCODE_ | I1: RESIDENTTYPECODE_ | J1: CATEGORIEENGAGEMENTCODE_ | K1: ESTCREDITINTERNE_ | L1: FINANCIALINSTITUTIONCODE_ | M1: MATURITECODE_ | N1: MONTANT_ | Q1: PERIODICITE_ | R1: TAUXEFFECTIFGLOBAL_ | S1: TAUXINTERET_ | T1: TYPEAMORTISSEMENT_ | U1: TYPEENGAGEMENTCODE_ | V1: CLASSEACTUELLECODE_ | W1: Classe | X1: CRDU_ | Y1: FINANCIALINSTITUTIONCODE_.1 | Z1: MAXIMPAYE_ | AA1: NBRJOURSENDEFAUT_ | AB1: TOTALENCOURS_ | AC1: TOTALIMPAYE_ | AD1: TOTALPROVISION_ | AE1: jkhkhih
A2: 495646 | B2: MG | C2: 41 | D2: 1954-03-28 00:00:00 | F2: Female | G2: MG | H2: 521z | I2: 0 | J2: 2 | K2: 0 | L2: MG/00009 | M2: CourtTerme | N2: 1660328.9 | O2: =AC2 -> 1660328.9 | P2: =N2=O2 -> TRUE | Q2: Mensuelle | R2: 0 | S2: 21 | T2: Degressif | U2: F06B | V2: 01/03 | W2: =IF(VLOOKUP(V2,'reference classification'!$B$1:G6,6,FALSE)>90,1,0) -> 1 | X2: 0 | Y2: MG/00009 | Z2: 1660328.9 | AA2: 120 | AB2: 1660328.9 | AC2: 1660328.9 | AD2: 0 | AE2: =AB2=AC2 -> TRUE
A3: 539953 | B3: MG | C3: 41 | D3: 1981-06-10 00:00:00 | F3: Female | G3: MG | H3: 542z | I3: 0 | J3: 2 | K3: 0 | L3: MG/00009 | M3: CourtTerme | N3: 217527.34 | O3: =AC3 -> 217527.34 | P3: =N3=O3 -> TRUE | Q3: Mensuelle | R3: 0 | S3: 0 | T3: Degressif | U3: F06B | V3: 01/03 | W3: =IF(VLOOKUP(V3,'reference classification'!$B$1:G7,6,FALSE)>90,1,0) -> 1 | X3: 0 | Y3: MG/00009 | Z3: 217527.34 | AA3: 120 | AB3: 217527.34 | AC3: 217527.34 | AD3: 0 | AE3: =AB3=AC3 -> TRUE
A4: 551627 | B4: MG | C4: 41 | D4: 1983-05-07 00:00:00 | F4: Male | G4: MG | H4: 542z | I4: 0 | J4: 2 | K4: 0 | L4: MG/00009 | M4: CourtTerme | N4: 443219.86 | O4: =AC4 -> 443219.86 | P4: =N4=O4 -> TRUE | Q4: Mensuelle | R4: 0 | S4: 0 | T4: Degressif | U4: F06B | V4: 01/03 | W4: =IF(VLOOKUP(V4,'reference classification'!$B$1:G8,6,FALSE)>90,1,0) -> 1 | X4: 0 | Y4: MG/00009 | Z4: 443219.86 | AA4: 120 | AB4: 443219.86 | AC4: 443219.86 | AD4: 0 | AE4: =AB4=AC4 -> TRUE
A5: 736497 | B5: MG | C5: 41 | D5: 1962-01-01 00:00:00 | E5: 4223010 | F5: Male | G5: MG | H5: 542z | I5: 0 | J5: 2 | K5: 0 | L5: MG/00009 | M5: CourtTerme | N5: 265939.67 | O5: =AC5 -> 265939.67 | P5: =N5=O5 -> TRUE | Q5: Mensuelle | R5: 0 | S5: 21 | T5: Degressif | U5: F06B | V5: 01/03 | W5: =IF(VLOOKUP(V5,'reference classification'!$B$1:G9,6,FALSE)>90,1,0) -> 1 | X5: 0 | Y5: MG/00009 | Z5: 265939.67 | AA5: 120 | AB5: 265939.67 | AC5: 265939.67 | AD5: 0 | AE5: =AB5=AC5 -> TRUE
A6: 774022 | B6: MG | C6: 41 | D6: 1974-10-24 00:00:00 | F6: Male | G6: MG | H6: 542z | I6: 0 | J6: 1 | K6: 0 | L6: MG/00009 | M6: CourtTerme | N6: 260388 | O6: =AC6 -> 260388 | P6: =N6=O6 -> TRUE | Q6: Mensuelle | R6: 0 | S6: 0 | T6: Degressif | U6: F10B | V6: 01/03 | W6: =IF(VLOOKUP(V6,'reference classification'!$B$1:G10,6,FALSE)>90,1,0) -> 1 | X6: 0 | Y6: MG/00009 | Z6: 260388 | AA6: 118 | AB6: 260388 | AC6: 260388 | AD6: 0 | AE6: =AB6=AC6 -> TRUE
A7: 980501 | B7: MG | C7: 41 | D7: 1967-03-26 00:00:00 | F7: Male | G7: MG | H7: 542z | I7: 0 | J7: 2 | K7: 0 | L7: MG/00009 | M7: CourtTerme | N7: 14400 | O7: =AC7 -> 14400 | P7: =N7=O7 -> TRUE | Q7: Mensuelle | R7: 0 | S7: 21 | T7: Degressif | U7: F06B | V7: 01/03 | W7: =IF(VLOOKUP(V7,'reference classification'!$B$1:G11,6,FALSE)>90,1,0) -> 1 | X7: 0 | Y7: MG/00009 | Z7: 14400 | AA7: 120 | AB7: 14400 | AC7: 14400 | AD7: 0 | AE7: =AB7=AC7 -> TRUE
A8: 1000357 | B8: MG | C8: 41 | D8: 1967-03-26 00:00:00 | F8: Male | G8: MG | H8: 542z | I8: 0 | J8: 1 | K8: 0 | L8: MG/00009 | M8: CourtTerme | N8: 737940 | O8: =AC8 -> 737940 | P8: =N8=O8 -> TRUE | Q8: Mensuelle | R8: 0 | S8: 0 | T8: Degressif | U8: F10B | V8: 01/03 | W8: =IF(VLOOKUP(V8,'reference classification'!$B$1:G12,6,FALSE)>90,1,0) -> 1 | X8: 0 | Y8: MG/00009 | Z8: 737940 | AA8: 118 | AB8: 737940 | AC8: 737940 | AD8: 0 | AE8: =AB8=AC8 -> TRUE
A9: 1087673 | B9: MG | C9: 41 | D9: 1979-08-21 00:00:00 | F9: Male | G9: MG | H9: 542z | I9: 0 | J9: 2 | K9: 0 | L9: MG/00009 | M9: CourtTerme | N9: 9597.91 | O9: =AC9 -> 9597.91 | P9: =N9=O9 -> TRUE | Q9: Mensuelle | R9: 0 | S9: 21 | T9: Degressif | U9: F06B | V9: 01/03 | W9: =IF(VLOOKUP(V9,'reference classification'!$B$1:G13,6,FALSE)>90,1,0) -> 1 | X9: 0 | Y9: MG/00009 | Z9: 9597.91 | AA9: 120 | AB9: 9597.91 | AC9: 9597.91 | AD9: 0 | AE9: =AB9=AC9 -> TRUE
A10: 1112872 | B10: MG | C10: 41 | D10: 1972-09-22 00:00:00 | F10: Male | G10: MG | H10: 542z | I10: 0 | J10: 2 | K10: 0 | L10: MG/00009 | M10: CourtTerme | N10: 201734 | O10: =AC10 -> 201734 | P10: =N10=O10 -> TRUE | Q10: Mensuelle | R10: 0 | S10: 0 | T10: Degressif | U10: F06B | V10: 01/03 | W10: =IF(VLOOKUP(V10,'reference classification'!$B$1:G14,6,FALSE)>90,1,0) -> 1 | X10: 0 | Y10: MG/00009 | Z10: 201734 | AA10: 120 | AB10: 201734 | AC10: 201734 | AD10: 0 | AE10: =AB10=AC10 -> TRUE
A11: 1132358 | B11: MG | C11: 41 | D11: 1964-10-17 00:00:00 | E11: 4101009 | F11: Male | G11: MG | H11: 324b | I11: 0 | J11: 2 | K11: 0 | L11: MG/00009 | M11: CourtTerme | N11: 100667.33 | O11: =AC11 -> 100667.33 | P11: =N11=O11 -> TRUE | Q11: Mensuelle | R11: 0 | S11: 21 | T11: Degressif | U11: F06B | V11: 01/03 | W11: =IF(VLOOKUP(V11,'reference classification'!$B$1:G15,6,FALSE)>90,1,0) -> 1 | X11: 0 | Y11: MG/00009 | Z11: 100667.33 | AA11: 120 | AB11: 100667.33 | AC11: 100667.33 | AD11: 0 | AE11: =AB11=AC11 -> TRUE
A12: 00005602399 | B12: MG | C12: 41 | D12: 1960-04-03 00:00:00 | E12: 3101001 | F12: Male | G12: MG | H12: 634z | I12: 0 | J12: 2 | K12: 0 | L12: MG/00009 | M12: CourtTerme | N12: 798464.67 | O12: =AC12 -> 798464.67 | P12: =N12=O12 -> TRUE | Q12: Mensuelle | R12: 0 | S12: 21 | T12: Degressif | U12: F06B | V12: 01/03 | W12: =IF(VLOOKUP(V12,'reference classification'!$B$1:G16,6,FALSE)>90,1,0) -> 1 | X12: 0 | Y12: MG/00009 | Z12: 798464.67 | AA12: 120 | AB12: 798464.67 | AC12: 798464.67 | AD12: 0 | AE12: =AB12=AC12 -> TRUE
A13: 00005763971 | B13: MG | C13: 41 | D13: 1990-08-11 00:00:00 | F13: Male | G13: MG | H13: 324e | I13: 0 | J13: 2 | K13: 0 | L13: MG/00009 | M13: CourtTerme | N13: 123538.28 | O13: =AC13 -> 123538.28 | P13: =N13=O13 -> TRUE | Q13: Mensuelle | R13: 0 | S13: 21 | T13: Degressif | U13: F06B | V13: 01/03 | W13: =IF(VLOOKUP(V13,'reference classification'!$B$1:G17,6,FALSE)>90,1,0) -> 1 | X13: 0 | Y13: MG/00009 | Z13: 123538.28 | AA13: 120 | AB13: 123538.28 | AC13: 123538.28 | AD13: 0 | AE13: =AB13=AC13 -> TRUE
A14: 00005801596 | B14: MG | C14: 41 | D14: 1986-03-21 00:00:00 | E14: 3101001 | F14: Male | G14: MG | H14: 634z | I14: 0 | J14: 1 | K14: 0 | L14: MG/00009 | M14: CourtTerme | N14: 840425 | O14: =AC14 -> 840425 | P14: =N14=O14 -> TRUE | Q14: Mensuelle | R14: 0 | S14: 0 | T14: Degressif | U14: F10B | V14: 01/03 | W14: =IF(VLOOKUP(V14,'reference classification'!$B$1:G18,6,FALSE)>90,1,0) -> 1 | X14: 0 | Y14: MG/00009 | Z14: 840425 | AA14: 118 | AB14: 840425 | AC14: 840425 | AD14: 0 | AE14: =AB14=AC14 -> TRUE
A15: 00490763826 | B15: MG | C15: 41 | D15: 1993-01-31 00:00:00 | E15: 3107010 | F15: Male | G15: MG | H15: 542b | I15: 0 | J15: 1 | K15: 0 | L15: MG/00009 | M15: CourtTerme | N15: 566630 | O15: =AC15 -> 566630 | P15: =N15=O15 -> TRUE | Q15: Mensuelle | R15: 0 | S15: 0 | T15: Degressif | U15: F10B | V15: 01/03 | W15: =IF(VLOOKUP(V15,'reference classification'!$B$1:G19,6,FALSE)>90,1,0) -> 1 | X15: 0 | Y15: MG/00009 | Z15: 566630 | AA15: 118 | AB15: 566630 | AC15: 566630 | AD15: 0 | AE15: =AB15=AC15 -> TRUE
A16: 00001102195088 | B16: MG | C16: 21 | D16: 1964-11-06 00:00:00 | F16: Male | G16: MG | H16: 381b | I16: 0 | J16: 1 | K16: 0 | L16: MG/00008 | M16: LongTerme | N16: 2 | O16: =AC16 -> 2 | P16: =N16=O16 -> TRUE | Q16: Mensuelle | R16: 0 | S16: 0 | T16: Constant | U16: F10C | V16: 01/03 | W16: =IF(VLOOKUP(V16,'reference classification'!$B$1:G20,6,FALSE)>90,1,0) -> 1 | X16: 0 | Y16: MG/00008 | Z16: 2 | AA16: 120 | AB16: 2 | AC16: 2 | AD16: 0 | AE16: =AB16=AC16 -> TRUE
A17: 00001102232790 | B17: MG | C17: 41 | D17: 1973-03-22 00:00:00 | F17: Male | G17: MG | H17: 563z | I17: 0 | J17: 1 | K17: 0 | L17: MG/00008 | M17: MoyenTerme | N17: 6931.81 | O17: =AC17 -> 6931.81 | P17: =N17=O17 -> TRUE | Q17: Mensuelle | R17: 0 | S17: 0 | T17: Constant | U17: F10C | V17: 01/03 | W17: =IF(VLOOKUP(V17,'reference classification'!$B$1:G21,6,FALSE)>90,1,0) -> 1 | X17: 0 | Y17: MG/00008 | Z17: 6931.81 | AA17: 120 | AB17: 6931.81 | AC17: 6931.81 | AD17: 0 | AE17: =AB17=AC17 -> TRUE
A18: 1912054442 | B18: MG | C18: 41 | D18: 1976-11-07 00:00:00 | E18: 1312110 | F18: Female | G18: MG | H18: 634z | I18: 0 | J18: 1 | K18: 0 | L18: MG/00008 | M18: LongTerme | N18: 2 | O18: =AC18 -> 2 | P18: =N18=O18 -> TRUE | Q18: Mensuelle | R18: 0 | S18: 0 | T18: Constant | U18: F10C | V18: 01/03 | W18: =IF(VLOOKUP(V18,'reference classification'!$B$1:G22,6,FALSE)>90,1,0) -> 1 | X18: 0 | Y18: MG/00008 | Z18: 2 | AA18: 120 | AB18: 2 | AC18: 2 | AD18: 0 | AE18: =AB18=AC18 -> TRUE
A19: 1912054686 | B19: MG | C19: 41 | D19: 1965-01-30 00:00:00 | E19: 1101001 | F19: Male | G19: MG | H19: 341g | I19: 0 | J19: 1 | K19: 0 | L19: MG/00008 | M19: LongTerme | N19: 2 | O19: =AC19 -> 2 | P19: =N19=O19 -> TRUE | Q19: Mensuelle | R19: 0 | S19: 0 | T19: Constant | U19: F10C | V19: 01/03 | W19: =IF(VLOOKUP(V19,'reference classification'!$B$1:G23,6,FALSE)>90,1,0) -> 1 | X19: 0 | Y19: MG/00008 | Z19: 2 | AA19: 120 | AB19: 2 | AC19: 2 | AD19: 0 | AE19: =AB19=AC19 -> TRUE
A20: 1912056862 | B20: BG | C20: 40 | D20: 1981-09-30 00:00:00 | F20: Male | G20: BG | H20: 563z | I20: 1 | J20: 1 | K20: 0 | L20: MG/00008 | M20: LongTerme | N20: 1 | O20: =AC20 -> 1 | P20: =N20=O20 -> TRUE | Q20: Mensuelle | R20: 0 | S20: 0 | T20: Constant | U20: F10C | V20: 01/03 | W20: =IF(VLOOKUP(V20,'reference classification'!$B$1:G24,6,FALSE)>90,1,0) -> 1 | X20: 0 | Y20: MG/00008 | Z20: 1 | AA20: 120 | AB20: 1 | AC20: 1 | AD20: 0 | AE20: =AB20=AC20 -> TRUE
A21: 1912057441 | B21: MG | C21: 41 | D21: 1997-09-06 00:00:00 | F21: Male | G21: MG | H21: 151b | I21: 0 | J21: 1 | K21: 0 | L21: MG/00008 | M21: CourtTerme | N21: 4207912.5 | O21: =AC21 -> 4207912.5 | P21: =N21=O21 -> TRUE | Q21: Mensuelle | R21: 0 | S21: 0 | T21: Constant | U21: F10C | V21: 01/03 | W21: =IF(VLOOKUP(V21,'reference classification'!$B$1:G25,6,FALSE)>90,1,0) -> 1 | X21: 0 | Y21: MG/00008 | Z21: 4207912.5 | AA21: 120 | AB21: 4207912.5 | AC21: 4207912.5 | AD21: 0 | AE21: =AB21=AC21 -> TRUE
A22: 1912058577 | B22: MG | C22: 41 | D22: 1988-02-10 00:00:00 | F22: Female | G22: MG | H22: 563z | I22: 0 | J22: 1 | K22: 0 | L22: MG/00008 | M22: LongTerme | N22: 2 | O22: =AC22 -> 2 | P22: =N22=O22 -> TRUE | Q22: Mensuelle | R22: 0 | S22: 0 | T22: Constant | U22: F10C | V22: 01/03 | W22: =IF(VLOOKUP(V22,'reference classification'!$B$1:G26,6,FALSE)>90,1,0) -> 1 | X22: 0 | Y22: MG/00008 | Z22: 2 | AA22: 120 | AB22: 2 | AC22: 2 | AD22: 0 | AE22: =AB22=AC22 -> TRUE
A23: 1912058714 | B23: MG | C23: 41 | D23: 1963-11-10 00:00:00 | F23: Male | G23: MG | H23: 324e | I23: 0 | J23: 2 | K23: 0 | L23: MG/00009 | M23: CourtTerme | N23: 275296.44 | O23: =AC23 -> 275296.44 | P23: =N23=O23 -> TRUE | Q23: Mensuelle | R23: 0 | S23: 21 | T23: Degressif | U23: F06B | V23: 01/03 | W23: =IF(VLOOKUP(V23,'reference classification'!$B$1:G27,6,FALSE)>90,1,0) -> 1 | X23: 0 | Y23: MG/00009 | Z23: 275296.44 | AA23: 120 | AB23: 275296.44 | AC23: 275296.44 | AD23: 0 | AE23: =AB23=AC23 -> TRUE
A24: 1912061193 | B24: MG | C24: 40 | D24: 1975-10-12 00:00:00 | F24: Male | G24: MG | H24: 311o | I24: 0 | J24: 2 | K24: 0 | L24: MG/00009 | M24: CourtTerme | N24: 384816.08 | O24: =AC24 -> 384816.08 | P24: =N24=O24 -> TRUE | Q24: Mensuelle | R24: 0 | S24: 0 | T24: Degressif | U24: F06B | V24: 01/03 | W24: =IF(VLOOKUP(V24,'reference classification'!$B$1:G28,6,FALSE)>90,1,0) -> 1 | X24: 0 | Y24: MG/00009 | Z24: 384816.08 | AA24: 120 | AB24: 384816.08 | AC24: 384816.08 | AD24: 0 | AE24: =AB24=AC24 -> TRUE
A25: 1912062313 | B25: MG | C25: 41 | D25: 1987-02-02 00:00:00 | F25: Male | G25: MG | H25: 219z | I25: 0 | J25: 2 | K25: 0 | L25: MG/00009 | M25: CourtTerme | N25: 8331.9 | O25: =AC25 -> 8331.9 | P25: =N25=O25 -> TRUE | Q25: Mensuelle | R25: 0 | S25: 0 | T25: Degressif | U25: F06B | V25: 01/03 | W25: =IF(VLOOKUP(V25,'reference classification'!$B$1:G29,6,FALSE)>90,1,0) -> 1 | X25: 0 | Y25: MG/00009 | Z25: 8331.9 | AA25: 120 | AB25: 8331.9 | AC25: 8331.9 | AD25: 0 | AE25: =AB25=AC25 -> TRUE
A26: 1912063908 | B26: MG | C26: 41 | D26: 1974-04-02 00:00:00 | E26: 2312032 | F26: Male | G26: MG | H26: 542z | I26: 0 | J26: 2 | K26: 0 | L26: MG/00009 | M26: CourtTerme | N26: 282914.03 | O26: =AC26 -> 282914.03 | P26: =N26=O26 -> TRUE | Q26: Mensuelle | R26: 0 | S26: 21 | T26: Degressif | U26: F06B | V26: 01/03 | W26: =IF(VLOOKUP(V26,'reference classification'!$B$1:G30,6,FALSE)>90,1,0) -> 1 | X26: 0 | Y26: MG/00009 | Z26: 282914.03 | AA26: 120 | AB26: 282914.03 | AC26: 282914.03 | AD26: 0 | AE26: =AB26=AC26 -> TRUE
A27: 1912068126 | B27: MG | C27: 41 | D27: 1984-07-26 00:00:00 | F27: Male | G27: MG | H27: 324z | I27: 0 | J27: 2 | K27: 0 | L27: MG/00009 | M27: CourtTerme | N27: 486294.36 | O27: =AC27 -> 486294.36 | P27: =N27=O27 -> TRUE | Q27: Mensuelle | R27: 0 | S27: 21 | T27: Degressif | U27: F06B | V27: 01/03 | W27: =IF(VLOOKUP(V27,'reference classification'!$B$1:G31,6,FALSE)>90,1,0) -> 1 | X27: 0 | Y27: MG/00009 | Z27: 486294.36 | AA27: 120 | AB27: 486294.36 | AC27: 486294.36 | AD27: 0 | AE27: =AB27=AC27 -> TRUE
A28: 1912069921 | B28: MG | C28: 41 | D28: 1970-02-13 00:00:00 | F28: Male | G28: MG | H28: 549z | I28: 0 | J28: 2 | K28: 0 | L28: MG/00009 | M28: CourtTerme | N28: 2285.33 | O28: =AC28 -> 2285.33 | P28: =N28=O28 -> TRUE | Q28: Mensuelle | R28: 0 | S28: 21 | T28: Degressif | U28: F06B | V28: 01/03 | W28: =IF(VLOOKUP(V28,'reference classification'!$B$1:G32,6,FALSE)>90,1,0) -> 1 | X28: 0 | Y28: MG/00009 | Z28: 2285.33 | AA28: 120 | AB28: 2285.33 | AC28: 2285.33 | AD28: 0 | AE28: =AB28=AC28 -> TRUE
A29: 1912070367 | B29: MG | C29: 41 | D29: 1965-10-31 00:00:00 | F29: Female | G29: MG | H29: 542z | I29: 0 | J29: 2 | K29: 0 | L29: MG/00009 | M29: CourtTerme | N29: 283884.86 | O29: =AC29 -> 283884.86 | P29: =N29=O29 -> TRUE | Q29: Mensuelle | R29: 0 | S29: 21 | T29: Degressif | U29: F06B | V29: 01/03 | W29: =IF(VLOOKUP(V29,'reference classification'!$B$1:G33,6,FALSE)>90,1,0) -> 1 | X29: 0 | Y29: MG/00009 | Z29: 283884.86 | AA29: 120 | AB29: 283884.86 | AC29: 283884.86 | AD29: 0 | AE29: =AB29=AC29 -> TRUE
A30: 1912070922 | B30: MG | C30: 41 | D30: 1991-08-09 00:00:00 | E30: 3101001 | F30: Male | G30: MG | H30: 634z | I30: 0 | J30: 2 | K30: 0 | L30: MG/00009 | M30: CourtTerme | N30: 183900.61 | O30: =AC30 -> 183900.61 | P30: =N30=O30 -> TRUE | Q30: Mensuelle | R30: 0 | S30: 0 | T30: Degressif | U30: F06B | V30: 01/03 | W30: =IF(VLOOKUP(V30,'reference classification'!$B$1:G34,6,FALSE)>90,1,0) -> 1 | X30: 0 | Y30: MG/00009 | Z30: 183900.61 | AA30: 120 | AB30: 183900.61 | AC30: 183900.61 | AD30: 0 | AE30: =AB30=AC30 -> TRUE
A31: 1912072482 | B31: MG | C31: 41 | D31: 1974-05-03 00:00:00 | F31: Male | G31: MG | H31: 542z | I31: 0 | J31: 2 | K31: 0 | L31: MG/00009 | M31: CourtTerme | N31: 210306.82 | O31: =AC31 -> 210306.82 | P31: =N31=O31 -> TRUE | Q31: Mensuelle | R31: 0 | S31: 21 | T31: Degressif | U31: F06B | V31: 01/03 | W31: =IF(VLOOKUP(V31,'reference classification'!$B$1:G35,6,FALSE)>90,1,0) -> 1 | X31: 0 | Y31: MG/00009 | Z31: 210306.82 | AA31: 120 | AB31: 210306.82 | AC31: 210306.82 | AD31: 0 | AE31: =AB31=AC31 -> TRUE
A32: 1912075905 | B32: MG | C32: 41 | D32: 1971-02-28 00:00:00 | F32: Male | G32: MG | H32: 542z | I32: 0 | J32: 2 | K32: 0 | L32: MG/00009 | M32: CourtTerme | N32: 102491.93 | O32: =AC32 -> 102491.93 | P32: =N32=O32 -> TRUE | Q32: Mensuelle | R32: 0 | S32: 21 | T32: Degressif | U32: F06B | V32: 01/03 | W32: =IF(VLOOKUP(V32,'reference classification'!$B$1:G36,6,FALSE)>90,1,0) -> 1 | X32: 0 | Y32: MG/00009 | Z32: 102491.93 | AA32: 120 | AB32: 102491.93 | AC32: 102491.93 | AD32: 0 | AE32: =AB32=AC32 -> TRUE
A33: 1912076141 | B33: MG | C33: 41 | D33: 2030-05-07 00:00:00 | F33: Female | G33: MG | H33: 563z | I33: 0 | J33: 2 | K33: 0 | L33: MG/00009 | M33: CourtTerme | N33: 1023115 | O33: =AC33 -> 1023115 | P33: =N33=O33 -> TRUE | Q33: Mensuelle | R33: 0 | S33: 21 | T33: Degressif | U33: F06B | V33: 01/03 | W33: =IF(VLOOKUP(V33,'reference classification'!$B$1:G37,6,FALSE)>90,1,0) -> 1 | X33: 0 | Y33: MG/00009 | Z33: 1023115 | AA33: 120 | AB33: 1023115 | AC33: 1023115 | AD33: 0 | AE33: =AB33=AC33 -> TRUE
A34: 1912076473 | B34: MG | C34: 41 | D34: 1981-10-27 00:00:00 | F34: Female | G34: MG | H34: 219z | I34: 0 | J34: 2 | K34: 0 | L34: MG/00009 | M34: CourtTerme | N34: 108130.5 | O34: =AC34 -> 108130.5 | P34: =N34=O34 -> TRUE | Q34: Mensuelle | R34: 0 | S34: 0 | T34: Degressif | U34: F06B | V34: 01/03 | W34: =IF(VLOOKUP(V34,'reference classification'!$B$1:G38,6,FALSE)>90,1,0) -> 1 | X34: 0 | Y34: MG/00009 | Z34: 108130.5 | AA34: 120 | AB34: 108130.5 | AC34: 108130.5 | AD34: 0 | AE34: =AB34=AC34 -> TRUE
A35: 1912078057 | B35: MG | C35: 41 | D35: 1985-10-02 00:00:00 | E35: 2105010 | F35: Male | G35: MG | H35: 521z | I35: 0 | J35: 1 | K35: 0 | L35: MG/00009 | M35: CourtTerme | N35: 320329.31 | O35: =AC35 -> 320329.31 | P35: =N35=O35 -> TRUE | Q35: Mensuelle | R35: 0 | S35: 0 | T35: Degressif | U35: F10B | V35: 01/03 | W35: =IF(VLOOKUP(V35,'reference classification'!$B$1:G39,6,FALSE)>90,1,0) -> 1 | X35: 0 | Y35: MG/00009 | Z35: 320329.31 | AA35: 118 | AB35: 320329.31 | AC35: 320329.31 | AD35: 0 | AE35: =AB35=AC35 -> TRUE
A36: 1912079810 | B36: MG | C36: 41 | D36: 1985-12-12 00:00:00 | E36: 1106352 | F36: Male | G36: MG | H36: 382o | I36: 0 | J36: 2 | K36: 0 | L36: MG/00009 | M36: CourtTerme | N36: 150962.88 | O36: =AC36 -> 150962.88 | P36: =N36=O36 -> TRUE | Q36: Mensuelle | R36: 0 | S36: 0 | T36: Degressif | U36: F06B | V36: 01/03 | W36: =IF(VLOOKUP(V36,'reference classification'!$B$1:G40,6,FALSE)>90,1,0) -> 1 | X36: 0 | Y36: MG/00009 | Z36: 150962.88 | AA36: 120 | AB36: 150962.88 | AC36: 150962.88 | AD36: 0 | AE36: =AB36=AC36 -> TRUE
A37: 1912082542 | B37: MG | C37: 41 | D37: 1993-08-25 00:00:00 | F37: Female | G37: MG | H37: 721c | I37: 0 | J37: 2 | K37: 0 | L37: MG/00009 | M37: CourtTerme | N37: 1506608.4 | O37: =AC37 -> 1506608.4 | P37: =N37=O37 -> TRUE | Q37: Mensuelle | R37: 0 | S37: 21 | T37: Degressif | U37: F06B | V37: 01/03 | W37: =IF(VLOOKUP(V37,'reference classification'!$B$1:G41,6,FALSE)>90,1,0) -> 1 | X37: 0 | Y37: MG/00009 | Z37: 1506608.4 | AA37: 120 | AB37: 1506608.4 | AC37: 1506608.4 | AD37: 0 | AE37: =AB37=AC37 -> TRUE
A38: 1912083051 | B38: MG | C38: 41 | D38: 1992-10-31 00:00:00 | E38: 1101004 | F38: Male | G38: MG | H38: 542z | I38: 0 | J38: 1 | K38: 0 | L38: MG/00009 | M38: CourtTerme | N38: 968345.75 | O38: =AC38 -> 968345.75 | P38: =N38=O38 -> TRUE | Q38: Mensuelle | R38: 0 | S38: 0 | T38: Degressif | U38: F10B | V38: 01/03 | W38: =IF(VLOOKUP(V38,'reference classification'!$B$1:G42,6,FALSE)>90,1,0) -> 1 | X38: 0 | Y38: MG/00009 | Z38: 968345.75 | AA38: 118 | AB38: 968345.75 | AC38: 968345.75 | AD38: 0 | AE38: =AB38=AC38 -> TRUE
A39: 1912088067 | B39: MG | C39: 41 | D39: 1987-07-15 00:00:00 | F39: Male | G39: MG | H39: 712e | I39: 0 | J39: 2 | K39: 0 | L39: MG/00009 | M39: CourtTerme | N39: 573794.23 | O39: =AC39 -> 573794.23 | P39: =N39=O39 -> TRUE | Q39: Mensuelle | R39: 0 | S39: 21 | T39: Degressif | U39: F06B | V39: 01/03 | W39: =IF(VLOOKUP(V39,'reference classification'!$B$1:G43,6,FALSE)>90,1,0) -> 1 | X39: 0 | Y39: MG/00009 | Z39: 573794.23 | AA39: 120 | AB39: 573794.23 | AC39: 573794.23 | AD39: 0 | AE39: =AB39=AC39 -> TRUE
A40: 1912088402 | B40: MG | C40: 41 | D40: 1955-02-13 00:00:00 | F40: Female | G40: MG | H40: 521z | I40: 0 | J40: 2 | K40: 0 | L40: MG/00009 | M40: CourtTerme | N40: 32742.96 | O40: =AC40 -> 32742.96 | P40: =N40=O40 -> TRUE | Q40: Mensuelle | R40: 0 | S40: 0 | T40: Degressif | U40: F06B | V40: 01/03 | W40: =IF(VLOOKUP(V40,'reference classification'!$B$1:G44,6,FALSE)>90,1,0) -> 1 | X40: 0 | Y40: MG/00009 | Z40: 32742.96 | AA40: 120 | AB40: 32742.96 | AC40: 32742.96 | AD40: 0 | AE40: =AB40=AC40 -> TRUE
A41: 1912088481 | B41: MG | C41: 41 | D41: 1958-07-26 00:00:00 | E41: 7115001 | F41: Male | G41: MG | H41: 542z | I41: 0 | J41: 2 | K41: 0 | L41: MG/00009 | M41: CourtTerme | N41: 11325.86 | O41: =AC41 -> 11325.86 | P41: =N41=O41 -> TRUE | Q41: Mensuelle | R41: 0 | S41: 21 | T41: Degressif | U41: F06B | V41: 01/03 | W41: =IF(VLOOKUP(V41,'reference classification'!$B$1:G45,6,FALSE)>90,1,0) -> 1 | X41: 0 | Y41: MG/00009 | Z41: 11325.86 | AA41: 120 | AB41: 11325.86 | AC41: 11325.86 | AD41: 0 | AE41: =AB41=AC41 -> TRUE
A42: 1912088481 | B42: MG | C42: 41 | D42: 1963-01-25 00:00:00 | F42: Male | G42: MG | H42: 542z | I42: 0 | J42: 2 | K42: 0 | L42: MG/00009 | M42: CourtTerme | N42: 220659.6 | O42: =AC42 -> 220659.6 | P42: =N42=O42 -> TRUE | Q42: Mensuelle | R42: 0 | S42: 21 | T42: Degressif | U42: F06B | V42: 01/03 | W42: =IF(VLOOKUP(V42,'reference classification'!$B$1:G46,6,FALSE)>90,1,0) -> 1 | X42: 0 | Y42: MG/00009 | Z42: 220659.6 | AA42: 120 | AB42: 220659.6 | AC42: 220659.6 | AD42: 0 | AE42: =AB42=AC42 -> TRUE
A43: 1912088785 | B43: MG | C43: 41 | D43: 1995-04-04 00:00:00 | F43: Male | G43: MG | H43: 721c | I43: 0 | J43: 2 | K43: 0 | L43: MG/00009 | M43: CourtTerme | N43: 95308.53 | O43: =AC43 -> 95308.53 | P43: =N43=O43 -> TRUE | Q43: Mensuelle | R43: 0 | S43: 21 | T43: Degressif | U43: F06B | V43: 01/03 | W43: =IF(VLOOKUP(V43,'reference classification'!$B$1:G47,6,FALSE)>90,1,0) -> 1 | X43: 0 | Y43: MG/00009 | Z43: 95308.53 | AA43: 120 | AB43: 95308.53 | AC43: 95308.53 | AD43: 0 | AE43: =AB43=AC43 -> TRUE
A44: 1912089030 | B44: MG | C44: 41 | D44: 1990-01-14 00:00:00 | E44: 1101003 | F44: Male | G44: MG | H44: 223f | I44: 0 | J44: 1 | K44: 0 | L44: MG/00009 | M44: CourtTerme | N44: 1031985 | O44: =AC44 -> 1031985 | P44: =N44=O44 -> TRUE | Q44: Mensuelle | R44: 0 | S44: 0 | T44: Degressif | U44: F10B | V44: 01/03 | W44: =IF(VLOOKUP(V44,'reference classification'!$B$1:G48,6,FALSE)>90,1,0) -> 1 | X44: 0 | Y44: MG/00009 | Z44: 1031985 | AA44: 118 | AB44: 1031985 | AC44: 1031985 | AD44: 0 | AE44: =AB44=AC44 -> TRUE
A45: 1912090770 | B45: MG | C45: 41 | D45: 1987-02-27 00:00:00 | F45: Male | G45: MG | H45: 542z | I45: 0 | J45: 2 | K45: 0 | L45: MG/00009 | M45: CourtTerme | N45: 100413.4 | O45: =AC45 -> 100413.4 | P45: =N45=O45 -> TRUE | Q45: Mensuelle | R45: 0 | S45: 21 | T45: Degressif | U45: F06B | V45: 01/03 | W45: =IF(VLOOKUP(V45,'reference classification'!$B$1:G49,6,FALSE)>90,1,0) -> 1 | X45: 0 | Y45: MG/00009 | Z45: 100413.4 | AA45: 120 | AB45: 100413.4 | AC45: 100413.4 | AD45: 0 | AE45: =AB45=AC45 -> TRUE
A46: 1912098763 | B46: MG | C46: 41 | D46: 1980-04-29 00:00:00 | E46: 1208004 | F46: Female | G46: MG | H46: 132a | I46: 0 | J46: 1 | K46: 0 | L46: MG/00009 | M46: CourtTerme | N46: 1310554 | O46: =AC46 -> 1310554 | P46: =N46=O46 -> TRUE | Q46: Mensuelle | R46: 0 | S46: 0 | T46: Degressif | U46: F10B | V46: 01/03 | W46: =IF(VLOOKUP(V46,'reference classification'!$B$1:G50,6,FALSE)>90,1,0) -> 1 | X46: 0 | Y46: MG/00009 | Z46: 1310554 | AA46: 118 | AB46: 1310554 | AC46: 1310554 | AD46: 0 | AE46: =AB46=AC46 -> TRUE
A47: 1912102180 | B47: MG | C47: 41 | D47: 1979-12-22 00:00:00 | F47: Male | G47: MG | H47: 542z | I47: 0 | J47: 1 | K47: 0 | L47: MG/00009 | M47: CourtTerme | N47: 157954.64 | O47: =AC47 -> 157954.64 | P47: =N47=O47 -> TRUE | Q47: Mensuelle | R47: 0 | S47: 0 | T47: Degressif | U47: F10B | V47: 01/03 | W47: =IF(VLOOKUP(V47,'reference classification'!$B$1:G51,6,FALSE)>90,1,0) -> 1 | X47: 0 | Y47: MG/00009 | Z47: 157954.64 | AA47: 118 | AB47: 157954.64 | AC47: 157954.64 | AD47: 0 | AE47: =AB47=AC47 -> TRUE
A48: 1912102180 | B48: MG | C48: 41 | D48: 1975-04-04 00:00:00 | F48: Male | G48: MG | H48: 542z | I48: 0 | J48: 2 | K48: 0 | L48: MG/00009 | M48: CourtTerme | N48: 160838.04 | O48: =AC48 -> 160838.04 | P48: =N48=O48 -> TRUE | Q48: Mensuelle | R48: 0 | S48: 21 | T48: Degressif | U48: F06B | V48: 01/03 | W48: =IF(VLOOKUP(V48,'reference classification'!$B$1:G52,6,FALSE)>90,1,0) -> 1 | X48: 0 | Y48: MG/00009 | Z48: 160838.04 | AA48: 120 | AB48: 160838.04 | AC48: 160838.04 | AD48: 0 | AE48: =AB48=AC48 -> TRUE
A49: 1912105156 | B49: MG | C49: 41 | D49: 1990-06-26 00:00:00 | F49: Male | G49: MG | H49: 542z | I49: 0 | J49: 1 | K49: 0 | L49: MG/00009 | M49: CourtTerme | N49: 713752 | O49: =AC49 -> 713752 | P49: =N49=O49 -> TRUE | Q49: Mensuelle | R49: 0 | S49: 0 | T49: Degressif | U49: F10B | V49: 01/03 | W49: =IF(VLOOKUP(V49,'reference classification'!$B$1:G53,6,FALSE)>90,1,0) -> 1 | X49: 0 | Y49: MG/00009 | Z49: 713752 | AA49: 118 | AB49: 713752 | AC49: 713752 | AD49: 0 | AE49: =AB49=AC49 -> TRUE
A50: 1912105156 | B50: MG | C50: 41 | D50: 1987-08-02 00:00:00 | F50: Male | G50: MG | H50: 542z | I50: 0 | J50: 2 | K50: 0 | L50: MG/00009 | M50: CourtTerme | N50: 167688.22 | O50: =AC50 -> 167688.22 | P50: =N50=O50 -> TRUE | Q50: Mensuelle | R50: 0 | S50: 21 | T50: Degressif | U50: F06B | V50: 01/03 | W50: =IF(VLOOKUP(V50,'reference classification'!$B$1:G54,6,FALSE)>90,1,0) -> 1 | X50: 0 | Y50: MG/00009 | Z50: 167688.22 | AA50: 120 | AB50: 167688.22 | AC50: 167688.22 | AD50: 0 | AE50: =AB50=AC50 -> TRUE
A51: 1912105487 | B51: MG | C51: 41 | D51: 1988-09-23 00:00:00 | F51: Male | G51: MG | H51: 542z | I51: 0 | J51: 1 | K51: 0 | L51: MG/00009 | M51: CourtTerme | N51: 489804 | O51: =AC51 -> 489804 | P51: =N51=O51 -> TRUE | Q51: Mensuelle | R51: 0 | S51: 0 | T51: Degressif | U51: F10B | V51: 01/03 | W51: =IF(VLOOKUP(V51,'reference classification'!$B$1:G55,6,FALSE)>90,1,0) -> 1 | X51: 0 | Y51: MG/00009 | Z51: 489804 | AA51: 118 | AB51: 489804 | AC51: 489804 | AD51: 0 | AE51: =AB51=AC51 -> TRUE
A52: 1912105886 | B52: MG | C52: 41 | D52: 1990-01-24 00:00:00 | F52: Male | G52: MG | H52: 542z | I52: 0 | J52: 1 | K52: 0 | L52: MG/00009 | M52: CourtTerme | N52: 88014 | O52: =AC52 -> 88014 | P52: =N52=O52 -> TRUE | Q52: Mensuelle | R52: 0 | S52: 0 | T52: Degressif | U52: F10G | V52: 01/03 | W52: =IF(VLOOKUP(V52,'reference classification'!$B$1:G56,6,FALSE)>90,1,0) -> 1 | X52: 0 | Y52: MG/00009 | Z52: 88014 | AA52: 118 | AB52: 88014 | AC52: 88014 | AD52: 0 | AE52: =AB52=AC52 -> TRUE
A53: 1912110838 | B53: MG | C53: 41 | D53: 1958-01-01 00:00:00 | F53: Female | G53: MG | H53: 542z | I53: 0 | J53: 2 | K53: 0 | L53: MG/00009 | M53: CourtTerme | N53: 74241.97 | O53: =AC53 -> 74241.97 | P53: =N53=O53 -> TRUE | Q53: Mensuelle | R53: 0 | S53: 0 | T53: Degressif | U53: F06B | V53: 01/03 | W53: =IF(VLOOKUP(V53,'reference classification'!$B$1:G57,6,FALSE)>90,1,0) -> 1 | X53: 0 | Y53: MG/00009 | Z53: 74241.97 | AA53: 120 | AB53: 74241.97 | AC53: 74241.97 | AD53: 0 | AE53: =AB53=AC53 -> TRUE
A54: 1912113276 | B54: MG | C54: 41 | D54: 1993-06-11 00:00:00 | F54: Male | G54: MG | H54: 542z | I54: 0 | J54: 2 | K54: 0 | L54: MG/00009 | M54: CourtTerme | N54: 139892.75 | O54: =AC54 -> 139892.75 | P54: =N54=O54 -> TRUE | Q54: Mensuelle | R54: 0 | S54: 0 | T54: Degressif | U54: F06B | V54: 01/03 | W54: =IF(VLOOKUP(V54,'reference classification'!$B$1:G58,6,FALSE)>90,1,0) -> 1 | X54: 0 | Y54: MG/00009 | Z54: 139892.75 | AA54: 120 | AB54: 139892.75 | AC54: 139892.75 | AD54: 0 | AE54: =AB54=AC54 -> TRUE
A55: 1912116689 | B55: MG | C55: 41 | D55: 1967-06-16 00:00:00 | F55: Male | G55: MG | H55: 521z | I55: 0 | J55: 2 | K55: 0 | L55: MG/00009 | M55: CourtTerme | N55: 565030.07 | O55: =AC55 -> 565030.07 | P55: =N55=O55 -> TRUE | Q55: Mensuelle | R55: 0 | S55: 21 | T55: Degressif | U55: F06B | V55: 01/03 | W55: =IF(VLOOKUP(V55,'reference classification'!$B$1:G59,6,FALSE)>90,1,0) -> 1 | X55: 0 | Y55: MG/00009 | Z55: 565030.07 | AA55: 120 | AB55: 565030.07 | AC55: 565030.07 | AD55: 0 | AE55: =AB55=AC55 -> TRUE
A56: 1912117533 | B56: MG | C56: 41 | D56: 1986-05-25 00:00:00 | E56: 5408010 | F56: Male | G56: MG | H56: 542z | I56: 0 | J56: 2 | K56: 0 | L56: MG/00009 | M56: CourtTerme | N56: 655161.29 | O56: =AC56 -> 655161.29 | P56: =N56=O56 -> TRUE | Q56: Mensuelle | R56: 0 | S56: 0 | T56: Degressif | U56: F06B | V56: 01/03 | W56: =IF(VLOOKUP(V56,'reference classification'!$B$1:G60,6,FALSE)>90,1,0) -> 1 | X56: 0 | Y56: MG/00009 | Z56: 655161.29 | AA56: 120 | AB56: 655161.29 | AC56: 655161.29 | AD56: 0 | AE56: =AB56=AC56 -> TRUE
A57: 1912117749 | B57: MG | C57: 41 | D57: 1989-04-17 00:00:00 | E57: 5120310 | F57: Female | G57: MG | H57: 111z | I57: 0 | J57: 1 | K57: 0 | L57: MG/00011 | M57: CourtTerme | N57: 358247.42 | O57: =AC57 -> 358247.42 | P57: =N57=O57 -> TRUE | Q57: Mensuelle | R57: 15 | S57: 24 | T57: Degressif | U57: F10E | V57: 01/03 | W57: =IF(VLOOKUP(V57,'reference classification'!$B$1:G61,6,FALSE)>90,1,0) -> 1 | X57: 0 | Y57: MG/00011 | Z57: 358247.42 | AA57: 105 | AB57: 358247.42 | AC57: 358247.42 | AD57: 107474.23 | AE57: =AB57=AC57 -> TRUE
A58: 1912132563 | B58: MG | C58: 41 | D58: 1990-09-03 00:00:00 | F58: Female | G58: MG | H58: 223f | I58: 0 | J58: 2 | K58: 0 | L58: MG/00011 | M58: LongTerme | N58: 19433809 | O58: =AC58 -> 18950927 | P58: =N58=O58 -> FALSE | Q58: Mensuelle | R58: 15 | S58: 31.8 | T58: Degressif | U58: F04 | V58: 01/03 | W58: =IF(VLOOKUP(V58,'reference classification'!$B$1:G62,6,FALSE)>90,1,0) -> 1 | X58: 0 | Y58: MG/00011 | Z58: 18950927 | AA58: 120 | AB58: 18950927 | AC58: 18950927 | AD58: 9475463.3 | AE58: =AB58=AC58 -> TRUE
A59: 1912132850 | B59: MG | C59: 41 | D59: 1968-04-28 00:00:00 | F59: Female | G59: MG | H59: 223b | I59: 0 | J59: 2 | K59: 0 | L59: MG/00011 | M59: MoyenTerme | N59: 6235751.3 | O59: =AC59 -> 3085372 | P59: =N59=O59 -> FALSE | Q59: Mensuelle | R59: 15 | S59: 32.16 | T59: Degressif | U59: F04 | V59: 01/03 | W59: =IF(VLOOKUP(V59,'reference classification'!$B$1:G63,6,FALSE)>90,1,0) -> 1 | X59: 0 | Y59: MG/00011 | Z59: 3085372 | AA59: 120 | AB59: 3085372 | AC59: 3085372 | AD59: 3085372 | AE59: =AB59=AC59 -> TRUE
A60: 1912132850 | B60: MG | C60: 41 | D60: 1977-09-24 00:00:00 | F60: Female | G60: MG | H60: 674z | I60: 0 | J60: 1 | K60: 0 | L60: MG/00011 | M60: MoyenTerme | N60: 1572538.9 | O60: =AC60 -> 420093.66 | P60: =N60=O60 -> FALSE | Q60: Mensuelle | R60: 15 | S60: 38.4 | T60: Degressif | U60: F10A | V60: 01/03 | W60: =IF(VLOOKUP(V60,'reference classification'!$B$1:G64,6,FALSE)>90,1,0) -> 1 | X60: 0 | Y60: MG/00011 | Z60: 420093.66 | AA60: 114 | AB60: 420093.66 | AC60: 420093.66 | AD60: 420093.66 | AE60: =AB60=AC60 -> TRUE
A61: 1912133125 | B61: MG | C61: 41 | D61: 1982-09-25 00:00:00 | F61: Male | G61: MG | H61: 241z | I61: 0 | J61: 2 | K61: 0 | L61: MG/00011 | M61: CourtTerme | N61: 584020.62 | O61: =AC61 -> 441850.02 | P61: =N61=O61 -> FALSE | Q61: Mensuelle | R61: 15 | S61: 24 | T61: Degressif | U61: F04 | V61: 01/03 | W61: =IF(VLOOKUP(V61,'reference classification'!$B$1:G65,6,FALSE)>90,1,0) -> 1 | X61: 0 | Y61: MG/00011 | Z61: 441850.02 | AA61: 120 | AB61: 441850.02 | AC61: 441850.02 | AD61: 132555.01 | AE61: =AB61=AC61 -> TRUE
A62: 1912133144 | B62: MG | C62: 41 | D62: 1960-09-14 00:00:00 | E62: 3101001 | F62: Female | G62: MG | H62: 634z | I62: 0 | J62: 2 | K62: 0 | L62: MG/00011 | M62: MoyenTerme | N62: 3733845 | O62: =AC62 -> 3105342 | P62: =N62=O62 -> FALSE | Q62: Mensuelle | R62: 15 | S62: 36 | T62: Degressif | U62: F04 | V62: 01/03 | W62: =IF(VLOOKUP(V62,'reference classification'!$B$1:G66,6,FALSE)>90,1,0) -> 1 | X62: 0 | Y62: MG/00011 | Z62: 3105342 | AA62: 120 | AB62: 3105342 | AC62: 3105342 | AD62: 1552671 | AE62: =AB62=AC62 -> TRUE
A63: 1912133557 | B63: MG | C63: 41 | D63: 1966-01-23 00:00:00 | F63: Male | G63: MG | H63: 223b | I63: 0 | J63: 2 | K63: 0 | L63: MG/00011 | M63: MoyenTerme | N63: 1770618.6 | O63: =AC63 -> 314718.32 | P63: =N63=O63 -> FALSE | Q63: Mensuelle | R63: 15 | S63: 34.8 | T63: Degressif | U63: F04 | V63: 01/03 | W63: =IF(VLOOKUP(V63,'reference classification'!$B$1:G67,6,FALSE)>90,1,0) -> 1 | X63: 0 | Y63: MG/00011 | Z63: 314718.32 | AA63: 120 | AB63: 314718.32 | AC63: 314718.32 | AD63: 314718.32 | AE63: =AB63=AC63 -> TRUE
A64: 1912134832 | B64: MG | C64: 41 | D64: 1993-09-29 00:00:00 | E64: 5101003 | F64: Female | G64: MG | H64: 561a | I64: 0 | J64: 2 | K64: 0 | L64: MG/00009 | M64: CourtTerme | N64: 557211.05 | O64: =AC64 -> 557211.05 | P64: =N64=O64 -> TRUE | Q64: Mensuelle | R64: 0 | S64: 21 | T64: Degressif | U64: F06B | V64: 01/03 | W64: =IF(VLOOKUP(V64,'reference classification'!$B$1:G68,6,FALSE)>90,1,0) -> 1 | X64: 0 | Y64: MG/00009 | Z64: 557211.05 | AA64: 120 | AB64: 557211.05 | AC64: 557211.05 | AD64: 0 | AE64: =AB64=AC64 -> TRUE
A65: 1912134953 | B65: MG | C65: 41 | D65: 1977-08-23 00:00:00 | F65: Male | G65: MG | H65: 542z | I65: 0 | J65: 2 | K65: 0 | L65: MG/00009 | M65: CourtTerme | N65: 114265.33 | O65: =AC65 -> 114265.33 | P65: =N65=O65 -> TRUE | Q65: Mensuelle | R65: 0 | S65: 0 | T65: Degressif | U65: F06B | V65: 01/03 | W65: =IF(VLOOKUP(V65,'reference classification'!$B$1:G69,6,FALSE)>90,1,0) -> 1 | X65: 0 | Y65: MG/00009 | Z65: 114265.33 | AA65: 120 | AB65: 114265.33 | AC65: 114265.33 | AD65: 0 | AE65: =AB65=AC65 -> TRUE
A66: 1912140593 | B66: MG | C66: 41 | D66: 1980-10-30 00:00:00 | F66: Female | G66: MG | H66: 223z | I66: 0 | J66: 2 | K66: 0 | L66: MG/00011 | M66: MoyenTerme | N66: 10380829 | O66: =AC66 -> 3857263.8 | P66: =N66=O66 -> FALSE | Q66: Mensuelle | R66: 15 | S66: 31.8 | T66: Degressif | U66: F04 | V66: 01/03 | W66: =IF(VLOOKUP(V66,'reference classification'!$B$1:G70,6,FALSE)>90,1,0) -> 1 | X66: 0 | Y66: MG/00011 | Z66: 3857263.8 | AA66: 120 | AB66: 3857263.8 | AC66: 3857263.8 | AD66: 3857263.8 | AE66: =AB66=AC66 -> TRUE
A67: 1912141681 | B67: MG | C67: 41 | D67: 1976-10-21 00:00:00 | E67: 1101004 | F67: Female | G67: MG | H67: 625b | I67: 0 | J67: 2 | K67: 0 | L67: MG/00009 | M67: CourtTerme | N67: 543722.29 | O67: =AC67 -> 543722.29 | P67: =N67=O67 -> TRUE | Q67: Mensuelle | R67: 0 | S67: 21 | T67: Degressif | U67: F06B | V67: 01/03 | W67: =IF(VLOOKUP(V67,'reference classification'!$B$1:G71,6,FALSE)>90,1,0) -> 1 | X67: 0 | Y67: MG/00009 | Z67: 543722.29 | AA67: 120 | AB67: 543722.29 | AC67: 543722.29 | AD67: 0 | AE67: =AB67=AC67 -> TRUE
A68: 1912141822 | B68: MG | C68: 9 | D68: 1991-11-06 00:00:00 | F68: Male | G68: MG | H68: 251z | I68: 0 | J68: 2 | K68: 0 | L68: MG/00009 | M68: CourtTerme | N68: 18539.1 | O68: =AC68 -> 18539.1 | P68: =N68=O68 -> TRUE | Q68: Mensuelle | R68: 0 | S68: 21 | T68: Degressif | U68: F06B | V68: 01/03 | W68: =IF(VLOOKUP(V68,'reference classification'!$B$1:G72,6,FALSE)>90,1,0) -> 1 | X68: 0 | Y68: MG/00009 | Z68: 18539.1 | AA68: 120 | AB68: 18539.1 | AC68: 18539.1 | AD68: 0 | AE68: =AB68=AC68 -> TRUE
A69: 1912142206 | B69: MG | C69: 41 | D69: 1995-07-13 00:00:00 | E69: 1209010 | F69: Female | G69: MG | H69: 541b | I69: 0 | J69: 2 | K69: 0 | L69: MG/00009 | M69: CourtTerme | N69: 598602.84 | O69: =AC69 -> 598602.84 | P69: =N69=O69 -> TRUE | Q69: Mensuelle | R69: 0 | S69: 21 | T69: Degressif | U69: F06B | V69: 01/03 | W69: =IF(VLOOKUP(V69,'reference classification'!$B$1:G73,6,FALSE)>90,1,0) -> 1 | X69: 0 | Y69: MG/00009 | Z69: 598602.84 | AA69: 120 | AB69: 598602.84 | AC69: 598602.84 | AD69: 0 | AE69: =AB69=AC69 -> TRUE
A70: 1912142554 | B70: MG | C70: 41 | D70: 1997-12-31 00:00:00 | F70: Male | G70: MG | H70: 721c | I70: 0 | J70: 2 | K70: 0 | L70: MG/00009 | M70: CourtTerme | N70: 241857.65 | O70: =AC70 -> 241857.65 | P70: =N70=O70 -> TRUE | Q70: Mensuelle | R70: 0 | S70: 21 | T70: Degressif | U70: F06B | V70: 01/03 | W70: =IF(VLOOKUP(V70,'reference classification'!$B$1:G74,6,FALSE)>90,1,0) -> 1 | X70: 0 | Y70: MG/00009 | Z70: 241857.65 | AA70: 120 | AB70: 241857.65 | AC70: 241857.65 | AD70: 0 | AE70: =AB70=AC70 -> TRUE
A71: 1913774371 | B71: MG | C71: 41 | D71: 1981-12-07 00:00:00 | F71: Male | G71: MG | H71: 542z | I71: 0 | J71: 2 | K71: 0 | L71: MG/00009 | M71: CourtTerme | N71: 288056.87 | O71: =AC71 -> 288056.87 | P71: =N71=O71 -> TRUE | Q71: Mensuelle | R71: 0 | S71: 21 | T71: Degressif | U71: F06B | V71: 01/03 | W71: =IF(VLOOKUP(V71,'reference classification'!$B$1:G75,6,FALSE)>90,1,0) -> 1 | X71: 0 | Y71: MG/00009 | Z71: 288056.87 | AA71: 120 | AB71: 288056.87 | AC71: 288056.87 | AD71: 0 | AE71: =AB71=AC71 -> TRUE
A72: 1913774402 | B72: MG | C72: 41 | D72: 1970-07-21 00:00:00 | E72: 7119330 | F72: Female | G72: MG | H72: 542z | I72: 0 | J72: 1 | K72: 0 | L72: MG/00009 | M72: CourtTerme | N72: 373128 | O72: =AC72 -> 373128 | P72: =N72=O72 -> TRUE | Q72: Mensuelle | R72: 0 | S72: 0 | T72: Degressif | U72: F10B | V72: 01/03 | W72: =IF(VLOOKUP(V72,'reference classification'!$B$1:G76,6,FALSE)>90,1,0) -> 1 | X72: 0 | Y72: MG/00009 | Z72: 373128 | AA72: 118 | AB72: 373128 | AC72: 373128 | AD72: 0 | AE72: =AB72=AC72 -> TRUE
A73: 1913781120 | B73: MG | C73: 30 | D73: 1987-09-26 00:00:00 | F73: Male | G73: MG | H73: 219z | I73: 0 | J73: 1 | K73: 0 | L73: MG/00009 | M73: CourtTerme | N73: 258235.95 | O73: =AC73 -> 258235.95 | P73: =N73=O73 -> TRUE | Q73: Mensuelle | R73: 0 | S73: 0 | T73: Degressif | U73: F10B | V73: 01/03 | W73: =IF(VLOOKUP(V73,'reference classification'!$B$1:G77,6,FALSE)>90,1,0) -> 1 | X73: 0 | Y73: MG/00009 | Z73: 258235.95 | AA73: 118 | AB73: 258235.95 | AC73: 258235.95 | AD73: 0 | AE73: =AB73=AC73 -> TRUE
A74: 1913791582 | B74: MG | C74: 41 | D74: 1993-12-30 00:00:00 | F74: Female | G74: MG | H74: 542z | I74: 0 | J74: 1 | K74: 0 | L74: MG/00009 | M74: LongTerme | N74: 2270000 | O74: =AC74 -> 1745191.9 | P74: =N74=O74 -> FALSE | Q74: Mensuelle | R74: 15.97 | S74: 13.45 | T74: Degressif | U74: F10G | V74: 01/03 | W74: =IF(VLOOKUP(V74,'reference classification'!$B$1:G78,6,FALSE)>90,1,0) -> 1 | X74: 0 | Y74: MG/00009 | Z74: 1745191.9 | AA74: 229 | AB74: 1745191.9 | AC74: 1745191.9 | AD74: 0 | AE74: =AB74=AC74 -> TRUE
A75: 1913791670 | B75: MG | C75: 41 | D75: 1963-03-17 00:00:00 | F75: Male | G75: MG | H75: 311o | I75: 0 | J75: 2 | K75: 0 | L75: MG/00008 | M75: CourtTerme | N75: 346612.73 | O75: =AC75 -> 346612.73 | P75: =N75=O75 -> TRUE | Q75: Mensuelle | R75: 0 | S75: 25.9 | U75: F06B | V75: 01/03 | W75: =IF(VLOOKUP(V75,'reference classification'!$B$1:G79,6,FALSE)>90,1,0) -> 1 | X75: 0 | Y75: MG/00008 | Z75: 346612.73 | AA75: 120 | AB75: 346612.73 | AC75: 346612.73 | AD75: 1872026.5 | AE75: =AB75=AC75 -> TRUE
A76: 1913793081 | B76: MG | C76: 40 | D76: 1975-01-16 00:00:00 | F76: Male | G76: MG | H76: 563z | I76: 0 | J76: 2 | K76: 0 | L76: MG/00008 | M76: MoyenTerme | N76: 27802.45 | O76: =AC76 -> 27802.45 | P76: =N76=O76 -> TRUE | Q76: Mensuelle | R76: 0 | S76: 26.9 | U76: F06B | V76: 01/03 | W76: =IF(VLOOKUP(V76,'reference classification'!$B$1:G80,6,FALSE)>90,1,0) -> 1 | X76: 0 | Y76: MG/00008 | Z76: 27802.45 | AA76: 120 | AB76: 27802.45 | AC76: 27802.45 | AD76: 2073554.1 | AE76: =AB76=AC76 -> TRUE
A77: 1913807923 | B77: MG | C77: 40 | D77: 1985-12-29 00:00:00 | F77: Male | G77: MG | H77: 324a | I77: 0 | J77: 2 | K77: 0 | L77: MG/00008 | M77: MoyenTerme | N77: 275221.95 | O77: =AC77 -> 275221.95 | P77: =N77=O77 -> TRUE | Q77: Mensuelle | R77: 0 | S77: 22.9 | T77: Constant | U77: F06B | V77: 01/03 | W77: =IF(VLOOKUP(V77,'reference classification'!$B$1:G81,6,FALSE)>90,1,0) -> 1 | X77: 0 | Y77: MG/00008 | Z77: 275221.95 | AA77: 120 | AB77: 275221.95 | AC77: 275221.95 | AD77: 8387507.4 | AE77: =AB77=AC77 -> TRUE
A78: 1913815043 | B78: MG | C78: 41 | D78: 1991-08-02 00:00:00 | F78: Male | G78: MG | H78: 322z | I78: 0 | J78: 2 | K78: 0 | L78: MG/00009 | M78: CourtTerme | N78: 191852.11 | O78: =AC78 -> 191852.11 | P78: =N78=O78 -> TRUE | Q78: Mensuelle | R78: 0 | S78: 21 | T78: Degressif | U78: F06B | V78: 01/03 | W78: =IF(VLOOKUP(V78,'reference classification'!$B$1:G82,6,FALSE)>90,1,0) -> 1 | X78: 0 | Y78: MG/00009 | Z78: 191852.11 | AA78: 120 | AB78: 191852.11 | AC78: 191852.11 | AD78: 0 | AE78: =AB78=AC78 -> TRUE
A79: 1913821127 | B79: MG | C79: 41 | D79: 1994-02-04 00:00:00 | E79: 4402030 | F79: Female | G79: MG | H79: 222d | I79: 0 | J79: 2 | K79: 0 | L79: MG/00009 | M79: CourtTerme | N79: 224893.84 | O79: =AC79 -> 224893.84 | P79: =N79=O79 -> TRUE | Q79: Mensuelle | R79: 0 | S79: 21 | T79: Degressif | U79: F06B | V79: 01/03 | W79: =IF(VLOOKUP(V79,'reference classification'!$B$1:G83,6,FALSE)>90,1,0) -> 1 | X79: 0 | Y79: MG/00009 | Z79: 224893.84 | AA79: 120 | AB79: 224893.84 | AC79: 224893.84 | AD79: 0 | AE79: =AB79=AC79 -> TRUE
A80: 1913821127 | B80: MG | C80: 41 | D80: 1978-07-21 00:00:00 | F80: Male | G80: MG | H80: 111a | I80: 0 | J80: 1 | K80: 0 | L80: MG/00009 | M80: CourtTerme | N80: 642574.93 | O80: =AC80 -> 642574.93 | P80: =N80=O80 -> TRUE | Q80: Mensuelle | R80: 0 | S80: 0 | T80: Degressif | U80: F10B | V80: 01/03 | W80: =IF(VLOOKUP(V80,'reference classification'!$B$1:G84,6,FALSE)>90,1,0) -> 1 | X80: 0 | Y80: MG/00009 | Z80: 642574.93 | AA80: 118 | AB80: 642574.93 | AC80: 642574.93 | AD80: 0 | AE80: =AB80=AC80 -> TRUE
A81: 1913821685 | B81: MG | C81: 41 | D81: 1995-09-07 00:00:00 | E81: 1101005 | F81: Male | G81: MG | H81: 652d | I81: 0 | J81: 1 | K81: 0 | L81: MG/00009 | M81: CourtTerme | N81: 2039019 | O81: =AC81 -> 2039019 | P81: =N81=O81 -> TRUE | Q81: Mensuelle | R81: 0 | S81: 0 | T81: Degressif | U81: F10B | V81: 01/03 | W81: =IF(VLOOKUP(V81,'reference classification'!$B$1:G85,6,FALSE)>90,1,0) -> 1 | X81: 0 | Y81: MG/00009 | Z81: 2039019 | AA81: 118 | AB81: 2039019 | AC81: 2039019 | AD81: 0 | AE81: =AB81=AC81 -> TRUE
A82: 1913821685 | B82: MG | C82: 41 | D82: 1991-06-21 00:00:00 | E82: 1101004 | F82: Female | G82: MG | H82: 552a | I82: 0 | J82: 1 | K82: 0 | L82: MG/00009 | M82: CourtTerme | N82: 333390 | O82: =AC82 -> 333390 | P82: =N82=O82 -> TRUE | Q82: Mensuelle | R82: 0 | S82: 0 | T82: Degressif | U82: F10B | V82: 01/03 | W82: =IF(VLOOKUP(V82,'reference classification'!$B$1:G86,6,FALSE)>90,1,0) -> 1 | X82: 0 | Y82: MG/00009 | Z82: 333390 | AA82: 118 | AB82: 333390 | AC82: 333390 | AD82: 0 | AE82: =AB82=AC82 -> TRUE
A83: 1913831408 | B83: MG | C83: 41 | D83: 1997-01-08 00:00:00 | E83: 1101004 | F83: Female | G83: MG | H83: 552a | I83: 0 | J83: 2 | K83: 0 | L83: MG/00009 | M83: CourtTerme | N83: 114575.1 | O83: =AC83 -> 114575.1 | P83: =N83=O83 -> TRUE | Q83: Mensuelle | R83: 0 | S83: 21 | T83: Degressif | U83: F06B | V83: 01/03 | W83: =IF(VLOOKUP(V83,'reference classification'!$B$1:G87,6,FALSE)>90,1,0) -> 1 | X83: 0 | Y83: MG/00009 | Z83: 114575.1 | AA83: 120 | AB83: 114575.1 | AC83: 114575.1 | AD83: 0 | AE83: =AB83=AC83 -> TRUE
A84: 1913834185 | B84: MG | C84: 40 | D84: 1995-01-01 00:00:00 | F84: Male | G84: MG | H84: 533a | I84: 0 | J84: 2 | K84: 0 | L84: MG/00009 | M84: CourtTerme | N84: 776289.81 | O84: =AC84 -> 776289.81 | P84: =N84=O84 -> TRUE | Q84: Mensuelle | R84: 0 | S84: 21 | T84: Degressif | U84: F06B | V84: 01/03 | W84: =IF(VLOOKUP(V84,'reference classification'!$B$1:G88,6,FALSE)>90,1,0) -> 1 | X84: 0 | Y84: MG/00009 | Z84: 776289.81 | AA84: 120 | AB84: 776289.81 | AC84: 776289.81 | AD84: 0 | AE84: =AB84=AC84 -> TRUE
A85: 1913835159 | B85: MG | C85: 41 | D85: 1966-12-29 00:00:00 | F85: Male | G85: MG | H85: 441z | I85: 0 | J85: 2 | K85: 0 | L85: MG/00009 | M85: CourtTerme | N85: 527467.79 | O85: =AC85 -> 527467.79 | P85: =N85=O85 -> TRUE | Q85: Mensuelle | R85: 0 | S85: 21 | T85: Degressif | U85: F06B | V85: 01/03 | W85: =IF(VLOOKUP(V85,'reference classification'!$B$1:G89,6,FALSE)>90,1,0) -> 1 | X85: 0 | Y85: MG/00009 | Z85: 527467.79 | AA85: 120 | AB85: 527467.79 | AC85: 527467.79 | AD85: 0 | AE85: =AB85=AC85 -> TRUE
A86: 1913837280 | B86: MG | C86: 41 | D86: 1994-07-17 00:00:00 | F86: Male | G86: MG | H86: 542z | I86: 0 | J86: 2 | K86: 0 | L86: MG/00009 | M86: CourtTerme | N86: 348777.77 | O86: =AC86 -> 348777.77 | P86: =N86=O86 -> TRUE | Q86: Mensuelle | R86: 0 | S86: 21 | T86: Degressif | U86: F06B | V86: 01/03 | W86: =IF(VLOOKUP(V86,'reference classification'!$B$1:G90,6,FALSE)>90,1,0) -> 1 | X86: 0 | Y86: MG/00009 | Z86: 348777.77 | AA86: 120 | AB86: 348777.77 | AC86: 348777.77 | AD86: 0 | AE86: =AB86=AC86 -> TRUE
A87: 1913838519 | B87: MG | C87: 41 | D87: 1970-09-05 00:00:00 | F87: Female | G87: MG | H87: 219z | I87: 0 | J87: 2 | K87: 0 | L87: MG/00009 | M87: CourtTerme | N87: 788753.27 | O87: =AC87 -> 788753.27 | P87: =N87=O87 -> TRUE | Q87: Mensuelle | R87: 0 | S87: 21 | T87: Degressif | U87: F06B | V87: 01/03 | W87: =IF(VLOOKUP(V87,'reference classification'!$B$1:G91,6,FALSE)>90,1,0) -> 1 | X87: 0 | Y87: MG/00009 | Z87: 788753.27 | AA87: 120 | AB87: 788753.27 | AC87: 788753.27 | AD87: 0 | AE87: =AB87=AC87 -> TRUE
A88: 1913840271 | B88: MG | C88: 41 | D88: 1986-10-27 00:00:00 | F88: Female | G88: MG | H88: 219z | I88: 0 | J88: 2 | K88: 0 | L88: MG/00009 | M88: CourtTerme | N88: 8.06 | O88: =AC88 -> 8.06 | P88: =N88=O88 -> TRUE | Q88: Mensuelle | R88: 0 | S88: 0 | T88: Degressif | U88: F06C | V88: 01/03 | W88: =IF(VLOOKUP(V88,'reference classification'!$B$1:G92,6,FALSE)>90,1,0) -> 1 | X88: 0 | Y88: MG/00009 | Z88: 8.06 | AA88: 120 | AB88: 8.06 | AC88: 8.06 | AD88: 0 | AE88: =AB88=AC88 -> TRUE
A89: 1913840271 | B89: MG | C89: 41 | D89: 1980-04-10 00:00:00 | F89: Female | G89: MG | H89: 563z | I89: 0 | J89: 2 | K89: 0 | L89: MG/00009 | M89: CourtTerme | N89: 249932.87 | O89: =AC89 -> 249932.87 | P89: =N89=O89 -> TRUE | Q89: Mensuelle | R89: 0 | S89: 21 | T89: Degressif | U89: F06B | V89: 01/03 | W89: =IF(VLOOKUP(V89,'reference classification'!$B$1:G93,6,FALSE)>90,1,0) -> 1 | X89: 0 | Y89: MG/00009 | Z89: 249932.87 | AA89: 120 | AB89: 249932.87 | AC89: 249932.87 | AD89: 0 | AE89: =AB89=AC89 -> TRUE
A90: 1913844199 | B90: MG | C90: 41 | D90: 1973-07-01 00:00:00 | E90: 1208004 | F90: Male | G90: MG | H90: 542z | I90: 0 | J90: 2 | K90: 0 | L90: MG/00009 | M90: CourtTerme | N90: 500350.37 | O90: =AC90 -> 500350.37 | P90: =N90=O90 -> TRUE | Q90: Mensuelle | R90: 0 | S90: 21 | T90: Degressif | U90: F06B | V90: 01/03 | W90: =IF(VLOOKUP(V90,'reference classification'!$B$1:G94,6,FALSE)>90,1,0) -> 1 | X90: 0 | Y90: MG/00009 | Z90: 500350.37 | AA90: 120 | AB90: 500350.37 | AC90: 500350.37 | AD90: 0 | AE90: =AB90=AC90 -> TRUE
A91: 1913845507 | B91: MG | C91: 41 | D91: 1979-08-02 00:00:00 | F91: Male | G91: MG | H91: 542z | I91: 0 | J91: 2 | K91: 0 | L91: MG/00009 | M91: CourtTerme | N91: 1078430.6 | O91: =AC91 -> 1078430.6 | P91: =N91=O91 -> TRUE | Q91: Mensuelle | R91: 0 | S91: 21 | T91: Degressif | U91: F06B | V91: 01/03 | W91: =IF(VLOOKUP(V91,'reference classification'!$B$1:G95,6,FALSE)>90,1,0) -> 1 | X91: 0 | Y91: MG/00009 | Z91: 1078430.6 | AA91: 120 | AB91: 1078430.6 | AC91: 1078430.6 | AD91: 0 | AE91: =AB91=AC91 -> TRUE
A92: 1913847460 | B92: MG | C92: 40 | D92: 1968-12-20 00:00:00 | F92: Female | G92: MG | H92: 721d | I92: 0 | J92: 2 | K92: 0 | L92: MG/00009 | M92: CourtTerme | N92: 525024.75 | O92: =AC92 -> 525024.75 | P92: =N92=O92 -> TRUE | Q92: Mensuelle | R92: 0 | S92: 21 | T92: Degressif | U92: F06B | V92: 01/03 | W92: =IF(VLOOKUP(V92,'reference classification'!$B$1:G96,6,FALSE)>90,1,0) -> 1 | X92: 0 | Y92: MG/00009 | Z92: 525024.75 | AA92: 120 | AB92: 525024.75 | AC92: 525024.75 | AD92: 0 | AE92: =AB92=AC92 -> TRUE
A93: 1913847621 | B93: RE | C93: 6 | D93: 1973-11-02 00:00:00 | F93: Male | G93: MG | H93: 474z | I93: 1 | J93: 2 | K93: 0 | L93: MG/00009 | M93: CourtTerme | N93: 20035.12 | O93: =AC93 -> 20035.12 | P93: =N93=O93 -> TRUE | Q93: Mensuelle | R93: 0 | S93: 21 | T93: Degressif | U93: F06B | V93: 01/03 | W93: =IF(VLOOKUP(V93,'reference classification'!$B$1:G97,6,FALSE)>90,1,0) -> 1 | X93: 0 | Y93: MG/00009 | Z93: 20035.12 | AA93: 120 | AB93: 20035.12 | AC93: 20035.12 | AD93: 0 | AE93: =AB93=AC93 -> TRUE
A94: 1913855317 | B94: MG | C94: 41 | D94: 1997-11-04 00:00:00 | E94: 1103030 | F94: Male | G94: MG | H94: 542z | I94: 0 | J94: 2 | K94: 0 | L94: MG/00009 | M94: CourtTerme | N94: 554061.45 | O94: =AC94 -> 554061.45 | P94: =N94=O94 -> TRUE | Q94: Mensuelle | R94: 0 | S94: 21 | T94: Degressif | U94: F06B | V94: 01/03 | W94: =IF(VLOOKUP(V94,'reference classification'!$B$1:G98,6,FALSE)>90,1,0) -> 1 | X94: 0 | Y94: MG/00009 | Z94: 554061.45 | AA94: 120 | AB94: 554061.45 | AC94: 554061.45 | AD94: 0 | AE94: =AB94=AC94 -> TRUE
A95: 1913855730 | B95: MG | C95: 41 | D95: 1986-11-11 00:00:00 | E95: 7115001 | F95: Female | G95: MG | H95: 712b | I95: 0 | J95: 2 | K95: 0 | L95: MG/00009 | M95: CourtTerme | N95: 214474.74 | O95: =AC95 -> 214474.74 | P95: =N95=O95 -> TRUE | Q95: Mensuelle | R95: 0 | S95: 21 | T95: Degressif | U95: F06B | V95: 01/03 | W95: =IF(VLOOKUP(V95,'reference classification'!$B$1:G99,6,FALSE)>90,1,0) -> 1 | X95: 0 | Y95: MG/00009 | Z95: 214474.74 | AA95: 120 | AB95: 214474.74 | AC95: 214474.74 | AD95: 0 | AE95: =AB95=AC95 -> TRUE
A96: 1913867632 | B96: MG | C96: 41 | D96: 1985-06-23 00:00:00 | F96: Male | G96: MG | H96: 219z | I96: 0 | J96: 2 | K96: 0 | L96: MG/00009 | M96: CourtTerme | N96: 153323.54 | O96: =AC96 -> 153323.54 | P96: =N96=O96 -> TRUE | Q96: Mensuelle | R96: 0 | S96: 0 | T96: Degressif | U96: F06B | V96: 01/03 | W96: =IF(VLOOKUP(V96,'reference classification'!$B$1:G100,6,FALSE)>90,1,0) -> 1 | X96: 0 | Y96: MG/00009 | Z96: 153323.54 | AA96: 120 | AB96: 153323.54 | AC96: 153323.54 | AD96: 0 | AE96: =AB96=AC96 -> TRUE
A97: 1913868701 | B97: MG | C97: 41 | D97: 1989-08-15 00:00:00 | F97: Male | G97: MG | H97: 542z | I97: 0 | J97: 2 | K97: 0 | L97: MG/00009 | M97: CourtTerme | N97: 881816.9 | O97: =AC97 -> 881816.9 | P97: =N97=O97 -> TRUE | Q97: Mensuelle | R97: 0 | S97: 21 | T97: Degressif | U97: F06B | V97: 01/03 | W97: =IF(VLOOKUP(V97,'reference classification'!$B$1:G101,6,FALSE)>90,1,0) -> 1 | X97: 0 | Y97: MG/00009 | Z97: 881816.9 | AA97: 120 | AB97: 881816.9 | AC97: 881816.9 | AD97: 0 | AE97: =AB97=AC97 -> TRUE
A98: 1913871744 | B98: MG | C98: 9 | D98: 1983-08-30 00:00:00 | E98: 3316011 | F98: Male | G98: MG | H98: 545f | I98: 0 | J98: 2 | K98: 0 | L98: MG/00009 | M98: CourtTerme | N98: 832298.04 | O98: =AC98 -> 832298.04 | P98: =N98=O98 -> TRUE | Q98: Mensuelle | R98: 0 | S98: 21 | T98: Degressif | U98: F06B | V98: 01/03 | W98: =IF(VLOOKUP(V98,'reference classification'!$B$1:G102,6,FALSE)>90,1,0) -> 1 | X98: 0 | Y98: MG/00009 | Z98: 832298.04 | AA98: 120 | AB98: 832298.04 | AC98: 832298.04 | AD98: 0 | AE98: =AB98=AC98 -> TRUE
A99: 1916054832 | B99: MG | C99: 40 | D99: 1977-05-31 00:00:00 | F99: Female | G99: MG | H99: 721d | I99: 0 | J99: 2 | K99: 0 | L99: MG/00009 | M99: CourtTerme | N99: 936489.87 | O99: =AC99 -> 936489.87 | P99: =N99=O99 -> TRUE | Q99: Mensuelle | R99: 0 | S99: 21 | T99: Degressif | U99: F06B | V99: 01/03 | W99: =IF(VLOOKUP(V99,'reference classification'!$B$1:G103,6,FALSE)>90,1,0) -> 1 | X99: 0 | Y99: MG/00009 | Z99: 936489.87 | AA99: 120 | AB99: 936489.87 | AC99: 936489.87 | AD99: 0 | AE99: =AB99=AC99 -> TRUE
A100: 1916055642 | B100: MG | C100: 41 | D100: 1988-05-31 00:00:00 | E100: 3312111 | F100: Female | G100: MG | H100: 682b | I100: 0 | J100: 1 | K100: 0 | L100: MG/00009 | M100: CourtTerme | N100: 260991.23 | O100: =AC100 -> 260991.23 | P100: =N100=O100 -> TRUE | Q100: Mensuelle | R100: 0 | S100: 0 | T100: Degressif | U100: F10B | V100: 01/03 | W100: =IF(VLOOKUP(V100,'reference classification'!$B$1:G104,6,FALSE)>90,1,0) -> 1 | X100: 0 | Y100: MG/00009 | Z100: 260991.23 | AA100: 118 | AB100: 260991.23 | AC100: 260991.23 | AD100: 0 | AE100: =AB100=AC100 -> TRUE
...

Sheet reference classification
A1: PK_ | B1: CODE_ | C1: DEFINITION_ | D1: DESCRIPTION_ | E1: IDENTIFIANT_ | F1: MAXNBJIMPAYE_ | G1: MINNBJIMPAYE_ | H1: ORDER_ | I1: STATUT_ | J1: TYPEINSTITUTIONCODE_ | K1: TYPEINSTITUTIONPK_ | L1: UDATE_ | M1: VERSIONNUM_
A2: 1 | B2: 01/03 | C2: 91 ET PLUS SI CREDIT AMORTISSABLE / 61 ET PLUS POUR L?ESCPTE DE PAPIER COMMERCIAL | D2: DOUTEUSE | E2: 3 | F2: 99999999 | G2: 91 | H2: 3 | I2: Validee | J2: 1 | K2: 14 | L2: 2023-03-22 18:49:07 | M2: 2
A3: 2 | B3: 01/01 | C3: 0 a 90 jours d'impayes | D3: SAINE | E3: 1 | F3: 90 | G3: 0 | H3: 1 | I3: Validee | J3: 1 | K3: 14 | L3: 2023-03-22 18:46:41 | M3: 1
A4: 3 | B4: 01/02 | C4: appreciation de chaque etablissement | D4: IMMOBILISEE | E4: 2 | F4: 99999999 | G4: 0 | H4: 2 | I4: Validee | J4: 1 | K4: 14 | L4: 2023-03-22 18:49:14 | M4: 3
A5: 4 | B5: 02/01 | C5: 0 a 30 jours d'impayes | D5: SAINE | E5: 1 | F5: 30 | G5: 0 | H5: 4 | I5: Validee | J5: 2 | K5: 8 | L5: 2023-03-22 18:46:12 | M5: 1
A6: 5 | B6: 02/02 | C6: 31 jours d'impayes et plus | D6: EN SOUFFRANCE | E6: 2 | F6: 9999999 | G6: 31 | H6: 5 | I6: Validee | J6: 2 | K6: 8 | L6: 2023-03-22 18:50:31 | M6: 3
